",State Code,County Code,Site Num,Parameter Code,POC,Latitude,Longitude,Datum,Parameter Name,Date Local,Time Local,Date GMT,Time GMT,Sample Measurement,Units of Measure,MDL,Uncertainty,Qualifier,Method Type,Method Code,Method Name,State Name,County Name,Date of Last Change"
"117687,6,19,11,42101,3,36.78538,-119.77321,NAD83,Carbon monoxide,2022-01-01,00:00,2022-01-01,08:00,1.188,Parts per million,0.011,,1.0,FRM,593,INSTRUMENTAL - Gas Filter Correlation Teledyne API 300 EU,California,Fresno,2022-09-23"
"117688,6,19,11,42101,3,36.78538,-119.77321,NAD83,Carbon monoxide,2022-01-01,01:00,2022-01-01,09:00,1.361,Parts per million,0.011,,1.0,FRM,593,INSTRUMENTAL - Gas Filter Correlation Teledyne API 300 EU,California,Fresno,2022-09-23"
"117689,6,19,11,42101,3,36.78538,-119.77321,NAD83,Carbon monoxide,2022-01-01,02:00,2022-01-01,10:00,1.574,Parts per million,0.011,,1.0,FRM,593,INSTRUMENTAL - Gas Filter Correlation Teledyne API 300 EU,California,Fresno,2022-09-23"
"117690,6,19,11,42101,3,36.78538,-119.77321,NAD83,Carbon monoxide,2022-01-01,03:00,2022-01-01,11:00,1.525,Parts per million,0.011,,1.0,FRM,593,INSTRUMENTAL - Gas Filter Correlation Teledyne API 300 EU,California,Fresno,2022-09-23"
"117691,6,19,11,42101,3,36.78538,-119.77321,NAD83,Carbon monoxide,2022-01-01,04:00,2022-01-01,12:00,0.9,Parts per million,0.011,,1.0,FRM,593,INSTRUMENTAL - Gas Filter Correlation Teledyne API 300 EU,California,Fresno,2022-09-23"
"117692,6,19,11,42101,3,36.78538,-119.77321,NAD83,Carbon monoxide,2022-01-01,05:00,2022-01-01,13:00,0.676,Parts per million,0.011,,1.0,FRM,593,INSTRUMENTAL - Gas Filter Correlation Teledyne API 300 EU,California,Fresno,2022-09-23"
"117693,6,19,11,42101,3,36.78538,-119.77321,NAD83,Carbon monoxide,2022-01-01,06:00,2022-01-01,14:00,0.724,Parts per million,0.011,,1.0,FRM,593,INSTRUMENTAL - Gas Filter Correlation Teledyne API 300 EU,California,Fresno,2022-09-23"
"117694,6,19,11,42101,3,36.78538,-119.77321,NAD83,Carbon monoxide,2022-01-01,07:00,2022-01-01,15:00,0.758,Parts per million,0.011,,1.0,FRM,593,INSTRUMENTAL - Gas Filter Correlation Teledyne API 300 EU,California,Fresno,2022-09-23"
"117695,6,19,11,42101,3,36.78538,-119.77321,NAD83,Carbon monoxide,2022-01-01,08:00,2022-01-01,16:00,0.569,Parts per million,0.011,,1.0,FRM,593,INSTRUMENTAL - Gas Filter Correlation Teledyne API 300 EU,California,Fresno,2022-09-23"
"117696,6,19,11,42101,3,36.78538,-119.77321,NAD83,Carbon monoxide,2022-01-01,09:00,2022-01-01,17:00,0.538,Parts per million,0.011,,1.0,FRM,593,INSTRUMENTAL - Gas Filter Correlation Teledyne API 300 EU,California,Fresno,2022-09-23"
"117697,6,19,11,42101,3,36.78538,-119.77321,NAD83,Carbon monoxide,2022-01-01,10:00,2022-01-01,18:00,0.389,Parts per million,0.011,,1.0,FRM,593,INSTRUMENTAL - Gas Filter Correlation Teledyne API 300 EU,California,Fresno,2022-09-23"
"117698,6,19,11,42101,3,36.78538,-119.77321,NAD83,Carbon monoxide,2022-01-01,11:00,2022-01-01,19:00,0.254,Parts per million,0.011,,1.0,FRM,593,INSTRUMENTAL - Gas Filter Correlation Teledyne API 300 EU,California,Fresno,2022-09-23"
"117699,6,19,11,42101,3,36.78538,-119.77321,NAD83,Carbon monoxide,2022-01-01,12:00,2022-01-01,20:00,0.184,Parts per million,0.011,,1.0,FRM,593,INSTRUMENTAL - Gas Filter Correlation Teledyne API 300 EU,California,Fresno,2022-09-23"
"117700,6,19,11,42101,3,36.78538,-119.77321,NAD83,Carbon monoxide,2022-01-01,13:00,2022-01-01,21:00,0.178,Parts per million,0.011,,1.0,FRM,593,INSTRUMENTAL - Gas Filter Correlation Teledyne API 300 EU,California,Fresno,2022-09-23"
"117701,6,19,11,42101,3,36.78538,-119.77321,NAD83,Carbon monoxide,2022-01-01,14:00,2022-01-01,22:00,0.174,Parts per million,0.011,,1.0,FRM,593,INSTRUMENTAL - Gas Filter Correlation Teledyne API 300 EU,California,Fresno,2022-09-23"
"117702,6,19,11,42101,3,36.78538,-119.77321,NAD83,Carbon monoxide,2022-01-01,15:00,2022-01-01,23:00,0.185,Parts per million,0.011,,1.0,FRM,593,INSTRUMENTAL - Gas Filter Correlation Teledyne API 300 EU,California,Fresno,2022-09-23"
"117703,6,19,11,42101,3,36.78538,-119.77321,NAD83,Carbon monoxide,2022-01-01,16:00,2022-01-02,00:00,0.212,Parts per million,0.011,,1.0,FRM,593,INSTRUMENTAL - Gas Filter Correlation Teledyne API 300 EU,California,Fresno,2022-09-23"
"117704,6,19,11,42101,3,36.78538,-119.77321,NAD83,Carbon monoxide,2022-01-01,17:00,2022-01-02,01:00,0.495,Parts per million,0.011,,1.0,FRM,593,INSTRUMENTAL - Gas Filter Correlation Teledyne API 300 EU,California,Fresno,2022-09-23"
"117705,6,19,11,42101,3,36.78538,-119.77321,NAD83,Carbon monoxide,2022-01-01,18:00,2022-01-02,02:00,0.774,Parts per million,0.011,,1.0,FRM,593,INSTRUMENTAL - Gas Filter Correlation Teledyne API 300 EU,California,Fresno,2022-09-23"
"117706,6,19,11,42101,3,36.78538,-119.77321,NAD83,Carbon monoxide,2022-01-01,19:00,2022-01-02,03:00,1.063,Parts per million,0.011,,1.0,FRM,593,INSTRUMENTAL - Gas Filter Correlation Teledyne API 300 EU,California,Fresno,2022-09-23"
"117707,6,19,11,42101,3,36.78538,-119.77321,NAD83,Carbon monoxide,2022-01-01,20:00,2022-01-02,04:00,1.463,Parts per million,0.011,,1.0,FRM,593,INSTRUMENTAL - Gas Filter Correlation Teledyne API 300 EU,California,Fresno,2022-09-23"
"117708,6,19,11,42101,3,36.78538,-119.77321,NAD83,Carbon monoxide,2022-01-01,21:00,2022-01-02,05:00,1.406,Parts per million,0.011,,1.0,FRM,593,INSTRUMENTAL - Gas Filter Correlation Teledyne API 300 EU,California,Fresno,2022-09-23"
"117709,6,19,11,42101,3,36.78538,-119.77321,NAD83,Carbon monoxide,2022-01-01,22:00,2022-01-02,06:00,1.091,Parts per million,0.011,,1.0,FRM,593,INSTRUMENTAL - Gas Filter Correlation Teledyne API 300 EU,California,Fresno,2022-09-23"
"117710,6,19,11,42101,3,36.78538,-119.77321,NAD83,Carbon monoxide,2022-01-01,23:00,2022-01-02,07:00,0.717,Parts per million,0.011,,1.0,FRM,593,INSTRUMENTAL - Gas Filter Correlation Teledyne API 300 EU,California,Fresno,2022-09-23"
"117711,6,19,11,42101,3,36.78538,-119.77321,NAD83,Carbon monoxide,2022-01-02,00:00,2022-01-02,08:00,0.782,Parts per million,0.011,,1.0,FRM,593,INSTRUMENTAL - Gas Filter Correlation Teledyne API 300 EU,California,Fresno,2022-09-23"
"117712,6,19,11,42101,3,36.78538,-119.77321,NAD83,Carbon monoxide,2022-01-02,01:00,2022-01-02,09:00,0.914,Parts per million,0.011,,1.0,FRM,593,INSTRUMENTAL - Gas Filter Correlation Teledyne API 300 EU,California,Fresno,2022-09-23"
"117713,6,19,11,42101,3,36.78538,-119.77321,NAD83,Carbon monoxide,2022-01-02,02:00,2022-01-02,10:00,0.887,Parts per million,0.011,,1.0,FRM,593,INSTRUMENTAL - Gas Filter Correlation Teledyne API 300 EU,California,Fresno,2022-09-23"
"117714,6,19,11,42101,3,36.78538,-119.77321,NAD83,Carbon monoxide,2022-01-02,03:00,2022-01-02,11:00,0.901,Parts per million,0.011,,1.0,FRM,593,INSTRUMENTAL - Gas Filter Correlation Teledyne API 300 EU,California,Fresno,2022-09-23"
"117715,6,19,11,42101,3,36.78538,-119.77321,NAD83,Carbon monoxide,2022-01-02,04:00,2022-01-02,12:00,1.038,Parts per million,0.011,,1.0,FRM,593,INSTRUMENTAL - Gas Filter Correlation Teledyne API 300 EU,California,Fresno,2022-09-23"
"117716,6,19,11,42101,3,36.78538,-119.77321,NAD83,Carbon monoxide,2022-01-02,05:00,2022-01-02,13:00,1.107,Parts per million,0.011,,1.0,FRM,593,INSTRUMENTAL - Gas Filter Correlation Teledyne API 300 EU,California,Fresno,2022-09-23"
"117717,6,19,11,42101,3,36.78538,-119.77321,NAD83,Carbon monoxide,2022-01-02,06:00,2022-01-02,14:00,0.951,Parts per million,0.011,,1.0,FRM,593,INSTRUMENTAL - Gas Filter Correlation Teledyne API 300 EU,California,Fresno,2022-09-23"
"117718,6,19,11,42101,3,36.78538,-119.77321,NAD83,Carbon monoxide,2022-01-02,07:00,2022-01-02,15:00,0.723,Parts per million,0.011,,1.0,FRM,593,INSTRUMENTAL - Gas Filter Correlation Teledyne API 300 EU,California,Fresno,2022-09-23"
"117719,6,19,11,42101,3,36.78538,-119.77321,NAD83,Carbon monoxide,2022-01-02,08:00,2022-01-02,16:00,0.569,Parts per million,0.011,,1.0,FRM,593,INSTRUMENTAL - Gas Filter Correlation Teledyne API 300 EU,California,Fresno,2022-09-23"
"117720,6,19,11,42101,3,36.78538,-119.77321,NAD83,Carbon monoxide,2022-01-02,09:00,2022-01-02,17:00,0.397,Parts per million,0.011,,1.0,FRM,593,INSTRUMENTAL - Gas Filter Correlation Teledyne API 300 EU,California,Fresno,2022-09-23"
"117721,6,19,11,42101,3,36.78538,-119.77321,NAD83,Carbon monoxide,2022-01-02,10:00,2022-01-02,18:00,0.322,Parts per million,0.011,,1.0,FRM,593,INSTRUMENTAL - Gas Filter Correlation Teledyne API 300 EU,California,Fresno,2022-09-23"
"117722,6,19,11,42101,3,36.78538,-119.77321,NAD83,Carbon monoxide,2022-01-02,11:00,2022-01-02,19:00,0.307,Parts per million,0.011,,1.0,FRM,593,INSTRUMENTAL - Gas Filter Correlation Teledyne API 300 EU,California,Fresno,2022-09-23"
"117723,6,19,11,42101,3,36.78538,-119.77321,NAD83,Carbon monoxide,2022-01-02,12:00,2022-01-02,20:00,0.253,Parts per million,0.011,,1.0,FRM,593,INSTRUMENTAL - Gas Filter Correlation Teledyne API 300 EU,California,Fresno,2022-09-23"
"117724,6,19,11,42101,3,36.78538,-119.77321,NAD83,Carbon monoxide,2022-01-02,13:00,2022-01-02,21:00,0.208,Parts per million,0.011,,1.0,FRM,593,INSTRUMENTAL - Gas Filter Correlation Teledyne API 300 EU,California,Fresno,2022-09-23"
"117725,6,19,11,42101,3,36.78538,-119.77321,NAD83,Carbon monoxide,2022-01-02,14:00,2022-01-02,22:00,0.181,Parts per million,0.011,,1.0,FRM,593,INSTRUMENTAL - Gas Filter Correlation Teledyne API 300 EU,California,Fresno,2022-09-23"
"117726,6,19,11,42101,3,36.78538,-119.77321,NAD83,Carbon monoxide,2022-01-02,15:00,2022-01-02,23:00,0.192,Parts per million,0.011,,1.0,FRM,593,INSTRUMENTAL - Gas Filter Correlation Teledyne API 300 EU,California,Fresno,2022-09-23"
"117727,6,19,11,42101,3,36.78538,-119.77321,NAD83,Carbon monoxide,2022-01-02,16:00,2022-01-03,00:00,0.288,Parts per million,0.011,,1.0,FRM,593,INSTRUMENTAL - Gas Filter Correlation Teledyne API 300 EU,California,Fresno,2022-09-23"
"117728,6,19,11,42101,3,36.78538,-119.77321,NAD83,Carbon monoxide,2022-01-02,17:00,2022-01-03,01:00,0.515,Parts per million,0.011,,1.0,FRM,593,INSTRUMENTAL - Gas Filter Correlation Teledyne API 300 EU,California,Fresno,2022-09-23"
"117729,6,19,11,42101,3,36.78538,-119.77321,NAD83,Carbon monoxide,2022-01-02,18:00,2022-01-03,02:00,1.026,Parts per million,0.011,,1.0,FRM,593,INSTRUMENTAL - Gas Filter Correlation Teledyne API 300 EU,California,Fresno,2022-09-23"
"117730,6,19,11,42101,3,36.78538,-119.77321,NAD83,Carbon monoxide,2022-01-02,19:00,2022-01-03,03:00,1.06,Parts per million,0.011,,1.0,FRM,593,INSTRUMENTAL - Gas Filter Correlation Teledyne API 300 EU,California,Fresno,2022-09-23"
"117731,6,19,11,42101,3,36.78538,-119.77321,NAD83,Carbon monoxide,2022-01-02,20:00,2022-01-03,04:00,1.457,Parts per million,0.011,,1.0,FRM,593,INSTRUMENTAL - Gas Filter Correlation Teledyne API 300 EU,California,Fresno,2022-09-23"
"117732,6,19,11,42101,3,36.78538,-119.77321,NAD83,Carbon monoxide,2022-01-02,21:00,2022-01-03,05:00,1.529,Parts per million,0.011,,1.0,FRM,593,INSTRUMENTAL - Gas Filter Correlation Teledyne API 300 EU,California,Fresno,2022-09-23"
"117733,6,19,11,42101,3,36.78538,-119.77321,NAD83,Carbon monoxide,2022-01-02,22:00,2022-01-03,06:00,1.732,Parts per million,0.011,,1.0,FRM,593,INSTRUMENTAL - Gas Filter Correlation Teledyne API 300 EU,California,Fresno,2022-09-23"
"117734,6,19,11,42101,3,36.78538,-119.77321,NAD83,Carbon monoxide,2022-01-02,23:00,2022-01-03,07:00,1.512,Parts per million,0.011,,1.0,FRM,593,INSTRUMENTAL - Gas Filter Correlation Teledyne API 300 EU,California,Fresno,2022-09-23"
"117735,6,19,11,42101,3,36.78538,-119.77321,NAD83,Carbon monoxide,2022-01-03,00:00,2022-01-03,08:00,0.937,Parts per million,0.011,,1.0,FRM,593,INSTRUMENTAL - Gas Filter Correlation Teledyne API 300 EU,California,Fresno,2022-09-23"
"117736,6,19,11,42101,3,36.78538,-119.77321,NAD83,Carbon monoxide,2022-01-03,01:00,2022-01-03,09:00,0.759,Parts per million,0.011,,1.0,FRM,593,INSTRUMENTAL - Gas Filter Correlation Teledyne API 300 EU,California,Fresno,2022-09-23"
"117737,6,19,11,42101,3,36.78538,-119.77321,NAD83,Carbon monoxide,2022-01-03,02:00,2022-01-03,10:00,0.715,Parts per million,0.011,,1.0,FRM,593,INSTRUMENTAL - Gas Filter Correlation Teledyne API 300 EU,California,Fresno,2022-09-23"
"117738,6,19,11,42101,3,36.78538,-119.77321,NAD83,Carbon monoxide,2022-01-03,03:00,2022-01-03,11:00,0.509,Parts per million,0.011,,1.0,FRM,593,INSTRUMENTAL - Gas Filter Correlation Teledyne API 300 EU,California,Fresno,2022-09-23"
"117739,6,19,11,42101,3,36.78538,-119.77321,NAD83,Carbon monoxide,2022-01-03,04:00,2022-01-03,12:00,0.548,Parts per million,0.011,,1.0,FRM,593,INSTRUMENTAL - Gas Filter Correlation Teledyne API 300 EU,California,Fresno,2022-09-23"
"117740,6,19,11,42101,3,36.78538,-119.77321,NAD83,Carbon monoxide,2022-01-03,05:00,2022-01-03,13:00,0.572,Parts per million,0.011,,1.0,FRM,593,INSTRUMENTAL - Gas Filter Correlation Teledyne API 300 EU,California,Fresno,2022-09-23"
"117741,6,19,11,42101,3,36.78538,-119.77321,NAD83,Carbon monoxide,2022-01-03,06:00,2022-01-03,14:00,0.821,Parts per million,0.011,,1.0,FRM,593,INSTRUMENTAL - Gas Filter Correlation Teledyne API 300 EU,California,Fresno,2022-09-23"
"117742,6,19,11,42101,3,36.78538,-119.77321,NAD83,Carbon monoxide,2022-01-03,07:00,2022-01-03,15:00,1.458,Parts per million,0.011,,1.0,FRM,593,INSTRUMENTAL - Gas Filter Correlation Teledyne API 300 EU,California,Fresno,2022-09-23"
"117743,6,19,11,42101,3,36.78538,-119.77321,NAD83,Carbon monoxide,2022-01-03,08:00,2022-01-03,16:00,1.083,Parts per million,0.011,,1.0,FRM,593,INSTRUMENTAL - Gas Filter Correlation Teledyne API 300 EU,California,Fresno,2022-09-23"
"117744,6,19,11,42101,3,36.78538,-119.77321,NAD83,Carbon monoxide,2022-01-03,09:00,2022-01-03,17:00,0.484,Parts per million,0.011,,1.0,FRM,593,INSTRUMENTAL - Gas Filter Correlation Teledyne API 300 EU,California,Fresno,2022-09-23"
"117745,6,19,11,42101,3,36.78538,-119.77321,NAD83,Carbon monoxide,2022-01-03,10:00,2022-01-03,18:00,0.322,Parts per million,0.011,,1.0,FRM,593,INSTRUMENTAL - Gas Filter Correlation Teledyne API 300 EU,California,Fresno,2022-09-23"
"117746,6,19,11,42101,3,36.78538,-119.77321,NAD83,Carbon monoxide,2022-01-03,11:00,2022-01-03,19:00,0.333,Parts per million,0.011,,1.0,FRM,593,INSTRUMENTAL - Gas Filter Correlation Teledyne API 300 EU,California,Fresno,2022-09-23"
"117747,6,19,11,42101,3,36.78538,-119.77321,NAD83,Carbon monoxide,2022-01-03,12:00,2022-01-03,20:00,0.281,Parts per million,0.011,,1.0,FRM,593,INSTRUMENTAL - Gas Filter Correlation Teledyne API 300 EU,California,Fresno,2022-09-23"
"117748,6,19,11,42101,3,36.78538,-119.77321,NAD83,Carbon monoxide,2022-01-03,13:00,2022-01-03,21:00,0.258,Parts per million,0.011,,1.0,FRM,593,INSTRUMENTAL - Gas Filter Correlation Teledyne API 300 EU,California,Fresno,2022-09-23"
"117749,6,19,11,42101,3,36.78538,-119.77321,NAD83,Carbon monoxide,2022-01-03,14:00,2022-01-03,22:00,0.222,Parts per million,0.011,,1.0,FRM,593,INSTRUMENTAL - Gas Filter Correlation Teledyne API 300 EU,California,Fresno,2022-09-23"
"117750,6,19,11,42101,3,36.78538,-119.77321,NAD83,Carbon monoxide,2022-01-03,15:00,2022-01-03,23:00,0.272,Parts per million,0.011,,1.0,FRM,593,INSTRUMENTAL - Gas Filter Correlation Teledyne API 300 EU,California,Fresno,2022-09-23"
"117751,6,19,11,42101,3,36.78538,-119.77321,NAD83,Carbon monoxide,2022-01-03,16:00,2022-01-04,00:00,0.362,Parts per million,0.011,,1.0,FRM,593,INSTRUMENTAL - Gas Filter Correlation Teledyne API 300 EU,California,Fresno,2022-09-23"
"117752,6,19,11,42101,3,36.78538,-119.77321,NAD83,Carbon monoxide,2022-01-03,17:00,2022-01-04,01:00,0.67,Parts per million,0.011,,1.0,FRM,593,INSTRUMENTAL - Gas Filter Correlation Teledyne API 300 EU,California,Fresno,2022-09-23"
"117753,6,19,11,42101,3,36.78538,-119.77321,NAD83,Carbon monoxide,2022-01-03,18:00,2022-01-04,02:00,0.919,Parts per million,0.011,,1.0,FRM,593,INSTRUMENTAL - Gas Filter Correlation Teledyne API 300 EU,California,Fresno,2022-09-23"
"117754,6,19,11,42101,3,36.78538,-119.77321,NAD83,Carbon monoxide,2022-01-03,19:00,2022-01-04,03:00,1.118,Parts per million,0.011,,1.0,FRM,593,INSTRUMENTAL - Gas Filter Correlation Teledyne API 300 EU,California,Fresno,2022-09-23"
"117755,6,19,11,42101,3,36.78538,-119.77321,NAD83,Carbon monoxide,2022-01-03,20:00,2022-01-04,04:00,1.149,Parts per million,0.011,,1.0,FRM,593,INSTRUMENTAL - Gas Filter Correlation Teledyne API 300 EU,California,Fresno,2022-09-23"
"117756,6,19,11,42101,3,36.78538,-119.77321,NAD83,Carbon monoxide,2022-01-03,21:00,2022-01-04,05:00,1.545,Parts per million,0.011,,1.0,FRM,593,INSTRUMENTAL - Gas Filter Correlation Teledyne API 300 EU,California,Fresno,2022-09-23"
"117757,6,19,11,42101,3,36.78538,-119.77321,NAD83,Carbon monoxide,2022-01-03,22:00,2022-01-04,06:00,1.566,Parts per million,0.011,,1.0,FRM,593,INSTRUMENTAL - Gas Filter Correlation Teledyne API 300 EU,California,Fresno,2022-09-23"
"117758,6,19,11,42101,3,36.78538,-119.77321,NAD83,Carbon monoxide,2022-01-03,23:00,2022-01-04,07:00,1.311,Parts per million,0.011,,1.0,FRM,593,INSTRUMENTAL - Gas Filter Correlation Teledyne API 300 EU,California,Fresno,2022-09-23"
"117759,6,19,11,42101,3,36.78538,-119.77321,NAD83,Carbon monoxide,2022-01-04,00:00,2022-01-04,08:00,1.199,Parts per million,0.011,,1.0,FRM,593,INSTRUMENTAL - Gas Filter Correlation Teledyne API 300 EU,California,Fresno,2022-09-23"
"117760,6,19,11,42101,3,36.78538,-119.77321,NAD83,Carbon monoxide,2022-01-04,01:00,2022-01-04,09:00,0.988,Parts per million,0.011,,1.0,FRM,593,INSTRUMENTAL - Gas Filter Correlation Teledyne API 300 EU,California,Fresno,2022-09-23"
"117761,6,19,11,42101,3,36.78538,-119.77321,NAD83,Carbon monoxide,2022-01-04,02:00,2022-01-04,10:00,0.903,Parts per million,0.011,,1.0,FRM,593,INSTRUMENTAL - Gas Filter Correlation Teledyne API 300 EU,California,Fresno,2022-09-23"
"117762,6,19,11,42101,3,36.78538,-119.77321,NAD83,Carbon monoxide,2022-01-04,03:00,2022-01-04,11:00,0.757,Parts per million,0.011,,1.0,FRM,593,INSTRUMENTAL - Gas Filter Correlation Teledyne API 300 EU,California,Fresno,2022-09-23"
"117763,6,19,11,42101,3,36.78538,-119.77321,NAD83,Carbon monoxide,2022-01-04,04:00,2022-01-04,12:00,0.744,Parts per million,0.011,,1.0,FRM,593,INSTRUMENTAL - Gas Filter Correlation Teledyne API 300 EU,California,Fresno,2022-09-23"
"117764,6,19,11,42101,3,36.78538,-119.77321,NAD83,Carbon monoxide,2022-01-04,05:00,2022-01-04,13:00,0.71,Parts per million,0.011,,1.0,FRM,593,INSTRUMENTAL - Gas Filter Correlation Teledyne API 300 EU,California,Fresno,2022-09-23"
"117765,6,19,11,42101,3,36.78538,-119.77321,NAD83,Carbon monoxide,2022-01-04,06:00,2022-01-04,14:00,0.628,Parts per million,0.011,,1.0,FRM,593,INSTRUMENTAL - Gas Filter Correlation Teledyne API 300 EU,California,Fresno,2022-09-23"
"117766,6,19,11,42101,3,36.78538,-119.77321,NAD83,Carbon monoxide,2022-01-04,07:00,2022-01-04,15:00,0.642,Parts per million,0.011,,1.0,FRM,593,INSTRUMENTAL - Gas Filter Correlation Teledyne API 300 EU,California,Fresno,2022-09-23"
"117767,6,19,11,42101,3,36.78538,-119.77321,NAD83,Carbon monoxide,2022-01-04,08:00,2022-01-04,16:00,0.483,Parts per million,0.011,,1.0,FRM,593,INSTRUMENTAL - Gas Filter Correlation Teledyne API 300 EU,California,Fresno,2022-09-23"
"117768,6,19,11,42101,3,36.78538,-119.77321,NAD83,Carbon monoxide,2022-01-04,09:00,2022-01-04,17:00,0.308,Parts per million,0.011,,1.0,FRM,593,INSTRUMENTAL - Gas Filter Correlation Teledyne API 300 EU,California,Fresno,2022-09-23"
"117769,6,19,11,42101,3,36.78538,-119.77321,NAD83,Carbon monoxide,2022-01-04,10:00,2022-01-04,18:00,0.265,Parts per million,0.011,,1.0,FRM,593,INSTRUMENTAL - Gas Filter Correlation Teledyne API 300 EU,California,Fresno,2022-09-23"
"117770,6,19,11,42101,3,36.78538,-119.77321,NAD83,Carbon monoxide,2022-01-04,11:00,2022-01-04,19:00,0.234,Parts per million,0.011,,1.0,FRM,593,INSTRUMENTAL - Gas Filter Correlation Teledyne API 300 EU,California,Fresno,2022-09-23"
"117771,6,19,11,42101,3,36.78538,-119.77321,NAD83,Carbon monoxide,2022-01-04,12:00,2022-01-04,20:00,0.211,Parts per million,0.011,,1.0,FRM,593,INSTRUMENTAL - Gas Filter Correlation Teledyne API 300 EU,California,Fresno,2022-09-23"
"117772,6,19,11,42101,3,36.78538,-119.77321,NAD83,Carbon monoxide,2022-01-04,13:00,2022-01-04,21:00,0.223,Parts per million,0.011,,1.0,FRM,593,INSTRUMENTAL - Gas Filter Correlation Teledyne API 300 EU,California,Fresno,2022-09-23"
"117773,6,19,11,42101,3,36.78538,-119.77321,NAD83,Carbon monoxide,2022-01-04,14:00,2022-01-04,22:00,0.231,Parts per million,0.011,,1.0,FRM,593,INSTRUMENTAL - Gas Filter Correlation Teledyne API 300 EU,California,Fresno,2022-09-23"
"117774,6,19,11,42101,3,36.78538,-119.77321,NAD83,Carbon monoxide,2022-01-04,15:00,2022-01-04,23:00,0.23,Parts per million,0.011,,1.0,FRM,593,INSTRUMENTAL - Gas Filter Correlation Teledyne API 300 EU,California,Fresno,2022-09-23"
"117775,6,19,11,42101,3,36.78538,-119.77321,NAD83,Carbon monoxide,2022-01-04,16:00,2022-01-05,00:00,0.234,Parts per million,0.011,,1.0,FRM,593,INSTRUMENTAL - Gas Filter Correlation Teledyne API 300 EU,California,Fresno,2022-09-23"
"117776,6,19,11,42101,3,36.78538,-119.77321,NAD83,Carbon monoxide,2022-01-04,17:00,2022-01-05,01:00,0.405,Parts per million,0.011,,1.0,FRM,593,INSTRUMENTAL - Gas Filter Correlation Teledyne API 300 EU,California,Fresno,2022-09-23"
"117777,6,19,11,42101,3,36.78538,-119.77321,NAD83,Carbon monoxide,2022-01-04,18:00,2022-01-05,02:00,0.809,Parts per million,0.011,,1.0,FRM,593,INSTRUMENTAL - Gas Filter Correlation Teledyne API 300 EU,California,Fresno,2022-09-23"
"117778,6,19,11,42101,3,36.78538,-119.77321,NAD83,Carbon monoxide,2022-01-04,19:00,2022-01-05,03:00,0.72,Parts per million,0.011,,1.0,FRM,593,INSTRUMENTAL - Gas Filter Correlation Teledyne API 300 EU,California,Fresno,2022-09-23"
"117779,6,19,11,42101,3,36.78538,-119.77321,NAD83,Carbon monoxide,2022-01-04,20:00,2022-01-05,04:00,0.857,Parts per million,0.011,,1.0,FRM,593,INSTRUMENTAL - Gas Filter Correlation Teledyne API 300 EU,California,Fresno,2022-09-23"
"117780,6,19,11,42101,3,36.78538,-119.77321,NAD83,Carbon monoxide,2022-01-04,21:00,2022-01-05,05:00,0.726,Parts per million,0.011,,1.0,FRM,593,INSTRUMENTAL - Gas Filter Correlation Teledyne API 300 EU,California,Fresno,2022-09-23"
"117781,6,19,11,42101,3,36.78538,-119.77321,NAD83,Carbon monoxide,2022-01-04,22:00,2022-01-05,06:00,0.696,Parts per million,0.011,,1.0,FRM,593,INSTRUMENTAL - Gas Filter Correlation Teledyne API 300 EU,California,Fresno,2022-09-23"
"117782,6,19,11,42101,3,36.78538,-119.77321,NAD83,Carbon monoxide,2022-01-04,23:00,2022-01-05,07:00,0.548,Parts per million,0.011,,1.0,FRM,593,INSTRUMENTAL - Gas Filter Correlation Teledyne API 300 EU,California,Fresno,2022-09-23"
"117783,6,19,11,42101,3,36.78538,-119.77321,NAD83,Carbon monoxide,2022-01-05,00:00,2022-01-05,08:00,0.589,Parts per million,0.011,,1.0,FRM,593,INSTRUMENTAL - Gas Filter Correlation Teledyne API 300 EU,California,Fresno,2022-09-23"
"117784,6,19,11,42101,3,36.78538,-119.77321,NAD83,Carbon monoxide,2022-01-05,01:00,2022-01-05,09:00,0.491,Parts per million,0.011,,1.0,FRM,593,INSTRUMENTAL - Gas Filter Correlation Teledyne API 300 EU,California,Fresno,2022-09-23"
"117785,6,19,11,42101,3,36.78538,-119.77321,NAD83,Carbon monoxide,2022-01-05,02:00,2022-01-05,10:00,0.416,Parts per million,0.011,,1.0,FRM,593,INSTRUMENTAL - Gas Filter Correlation Teledyne API 300 EU,California,Fresno,2022-09-23"
"117786,6,19,11,42101,3,36.78538,-119.77321,NAD83,Carbon monoxide,2022-01-05,03:00,2022-01-05,11:00,0.402,Parts per million,0.011,,1.0,FRM,593,INSTRUMENTAL - Gas Filter Correlation Teledyne API 300 EU,California,Fresno,2022-09-23"
"117787,6,19,11,42101,3,36.78538,-119.77321,NAD83,Carbon monoxide,2022-01-05,04:00,2022-01-05,12:00,0.473,Parts per million,0.011,,1.0,FRM,593,INSTRUMENTAL - Gas Filter Correlation Teledyne API 300 EU,California,Fresno,2022-09-23"
"117788,6,19,11,42101,3,36.78538,-119.77321,NAD83,Carbon monoxide,2022-01-05,05:00,2022-01-05,13:00,0.608,Parts per million,0.011,,1.0,FRM,593,INSTRUMENTAL - Gas Filter Correlation Teledyne API 300 EU,California,Fresno,2022-09-23"
"117789,6,19,11,42101,3,36.78538,-119.77321,NAD83,Carbon monoxide,2022-01-05,06:00,2022-01-05,14:00,0.802,Parts per million,0.011,,1.0,FRM,593,INSTRUMENTAL - Gas Filter Correlation Teledyne API 300 EU,California,Fresno,2022-09-23"
"117790,6,19,11,42101,3,36.78538,-119.77321,NAD83,Carbon monoxide,2022-01-05,07:00,2022-01-05,15:00,1.006,Parts per million,0.011,,1.0,FRM,593,INSTRUMENTAL - Gas Filter Correlation Teledyne API 300 EU,California,Fresno,2022-09-23"
"117791,6,19,11,42101,3,36.78538,-119.77321,NAD83,Carbon monoxide,2022-01-05,08:00,2022-01-05,16:00,1.042,Parts per million,0.011,,1.0,FRM,593,INSTRUMENTAL - Gas Filter Correlation Teledyne API 300 EU,California,Fresno,2022-09-23"
"117792,6,19,11,42101,3,36.78538,-119.77321,NAD83,Carbon monoxide,2022-01-05,09:00,2022-01-05,17:00,0.605,Parts per million,0.011,,1.0,FRM,593,INSTRUMENTAL - Gas Filter Correlation Teledyne API 300 EU,California,Fresno,2022-09-23"
"117793,6,19,11,42101,3,36.78538,-119.77321,NAD83,Carbon monoxide,2022-01-05,10:00,2022-01-05,18:00,0.347,Parts per million,0.011,,1.0,FRM,593,INSTRUMENTAL - Gas Filter Correlation Teledyne API 300 EU,California,Fresno,2022-09-23"
"117794,6,19,11,42101,3,36.78538,-119.77321,NAD83,Carbon monoxide,2022-01-05,11:00,2022-01-05,19:00,0.224,Parts per million,0.011,,1.0,FRM,593,INSTRUMENTAL - Gas Filter Correlation Teledyne API 300 EU,California,Fresno,2022-09-23"
"117795,6,19,11,42101,3,36.78538,-119.77321,NAD83,Carbon monoxide,2022-01-05,12:00,2022-01-05,20:00,0.224,Parts per million,0.011,,1.0,FRM,593,INSTRUMENTAL - Gas Filter Correlation Teledyne API 300 EU,California,Fresno,2022-09-23"
"117796,6,19,11,42101,3,36.78538,-119.77321,NAD83,Carbon monoxide,2022-01-05,13:00,2022-01-05,21:00,0.207,Parts per million,0.011,,1.0,FRM,593,INSTRUMENTAL - Gas Filter Correlation Teledyne API 300 EU,California,Fresno,2022-09-23"
"117797,6,19,11,42101,3,36.78538,-119.77321,NAD83,Carbon monoxide,2022-01-05,14:00,2022-01-05,22:00,0.215,Parts per million,0.011,,1.0,FRM,593,INSTRUMENTAL - Gas Filter Correlation Teledyne API 300 EU,California,Fresno,2022-09-23"
"117798,6,19,11,42101,3,36.78538,-119.77321,NAD83,Carbon monoxide,2022-01-05,15:00,2022-01-05,23:00,0.215,Parts per million,0.011,,1.0,FRM,593,INSTRUMENTAL - Gas Filter Correlation Teledyne API 300 EU,California,Fresno,2022-09-23"
"117799,6,19,11,42101,3,36.78538,-119.77321,NAD83,Carbon monoxide,2022-01-05,16:00,2022-01-06,00:00,0.272,Parts per million,0.011,,1.0,FRM,593,INSTRUMENTAL - Gas Filter Correlation Teledyne API 300 EU,California,Fresno,2022-09-23"
"117800,6,19,11,42101,3,36.78538,-119.77321,NAD83,Carbon monoxide,2022-01-05,17:00,2022-01-06,01:00,0.545,Parts per million,0.011,,1.0,FRM,593,INSTRUMENTAL - Gas Filter Correlation Teledyne API 300 EU,California,Fresno,2022-09-23"
"117801,6,19,11,42101,3,36.78538,-119.77321,NAD83,Carbon monoxide,2022-01-05,18:00,2022-01-06,02:00,0.894,Parts per million,0.011,,1.0,FRM,593,INSTRUMENTAL - Gas Filter Correlation Teledyne API 300 EU,California,Fresno,2022-09-23"
"117802,6,19,11,42101,3,36.78538,-119.77321,NAD83,Carbon monoxide,2022-01-05,19:00,2022-01-06,03:00,1.274,Parts per million,0.011,,1.0,FRM,593,INSTRUMENTAL - Gas Filter Correlation Teledyne API 300 EU,California,Fresno,2022-09-23"
"117803,6,19,11,42101,3,36.78538,-119.77321,NAD83,Carbon monoxide,2022-01-05,20:00,2022-01-06,04:00,1.058,Parts per million,0.011,,1.0,FRM,593,INSTRUMENTAL - Gas Filter Correlation Teledyne API 300 EU,California,Fresno,2022-09-23"
"117804,6,19,11,42101,3,36.78538,-119.77321,NAD83,Carbon monoxide,2022-01-05,21:00,2022-01-06,05:00,0.562,Parts per million,0.011,,1.0,FRM,593,INSTRUMENTAL - Gas Filter Correlation Teledyne API 300 EU,California,Fresno,2022-09-23"
"117805,6,19,11,42101,3,36.78538,-119.77321,NAD83,Carbon monoxide,2022-01-05,22:00,2022-01-06,06:00,0.596,Parts per million,0.011,,1.0,FRM,593,INSTRUMENTAL - Gas Filter Correlation Teledyne API 300 EU,California,Fresno,2022-09-23"
"117806,6,19,11,42101,3,36.78538,-119.77321,NAD83,Carbon monoxide,2022-01-05,23:00,2022-01-06,07:00,0.44,Parts per million,0.011,,1.0,FRM,593,INSTRUMENTAL - Gas Filter Correlation Teledyne API 300 EU,California,Fresno,2022-09-23"
"117807,6,19,11,42101,3,36.78538,-119.77321,NAD83,Carbon monoxide,2022-01-06,00:00,2022-01-06,08:00,0.362,Parts per million,0.011,,1.0,FRM,593,INSTRUMENTAL - Gas Filter Correlation Teledyne API 300 EU,California,Fresno,2022-09-23"
"117808,6,19,11,42101,3,36.78538,-119.77321,NAD83,Carbon monoxide,2022-01-06,01:00,2022-01-06,09:00,0.361,Parts per million,0.011,,1.0,FRM,593,INSTRUMENTAL - Gas Filter Correlation Teledyne API 300 EU,California,Fresno,2022-09-23"
"117809,6,19,11,42101,3,36.78538,-119.77321,NAD83,Carbon monoxide,2022-01-06,02:00,2022-01-06,10:00,0.372,Parts per million,0.011,,1.0,FRM,593,INSTRUMENTAL - Gas Filter Correlation Teledyne API 300 EU,California,Fresno,2022-09-23"
"117810,6,19,11,42101,3,36.78538,-119.77321,NAD83,Carbon monoxide,2022-01-06,03:00,2022-01-06,11:00,0.369,Parts per million,0.011,,1.0,FRM,593,INSTRUMENTAL - Gas Filter Correlation Teledyne API 300 EU,California,Fresno,2022-09-23"
"117811,6,19,11,42101,3,36.78538,-119.77321,NAD83,Carbon monoxide,2022-01-06,04:00,2022-01-06,12:00,0.399,Parts per million,0.011,,1.0,FRM,593,INSTRUMENTAL - Gas Filter Correlation Teledyne API 300 EU,California,Fresno,2022-09-23"
"117812,6,19,11,42101,3,36.78538,-119.77321,NAD83,Carbon monoxide,2022-01-06,05:00,2022-01-06,13:00,0.51,Parts per million,0.011,,1.0,FRM,593,INSTRUMENTAL - Gas Filter Correlation Teledyne API 300 EU,California,Fresno,2022-09-23"
"117813,6,19,11,42101,3,36.78538,-119.77321,NAD83,Carbon monoxide,2022-01-06,06:00,2022-01-06,14:00,0.482,Parts per million,0.011,,1.0,FRM,593,INSTRUMENTAL - Gas Filter Correlation Teledyne API 300 EU,California,Fresno,2022-09-23"
"117814,6,19,11,42101,3,36.78538,-119.77321,NAD83,Carbon monoxide,2022-01-06,07:00,2022-01-06,15:00,0.82,Parts per million,0.011,,1.0,FRM,593,INSTRUMENTAL - Gas Filter Correlation Teledyne API 300 EU,California,Fresno,2022-09-23"
"117815,6,19,11,42101,3,36.78538,-119.77321,NAD83,Carbon monoxide,2022-01-06,08:00,2022-01-06,16:00,0.564,Parts per million,0.011,,1.0,FRM,593,INSTRUMENTAL - Gas Filter Correlation Teledyne API 300 EU,California,Fresno,2022-09-23"
"117816,6,19,11,42101,3,36.78538,-119.77321,NAD83,Carbon monoxide,2022-01-06,09:00,2022-01-06,17:00,0.329,Parts per million,0.011,,1.0,FRM,593,INSTRUMENTAL - Gas Filter Correlation Teledyne API 300 EU,California,Fresno,2022-09-23"
"117817,6,19,11,42101,3,36.78538,-119.77321,NAD83,Carbon monoxide,2022-01-06,10:00,2022-01-06,18:00,0.249,Parts per million,0.011,,1.0,FRM,593,INSTRUMENTAL - Gas Filter Correlation Teledyne API 300 EU,California,Fresno,2022-09-23"
"117818,6,19,11,42101,3,36.78538,-119.77321,NAD83,Carbon monoxide,2022-01-06,11:00,2022-01-06,19:00,0.226,Parts per million,0.011,,1.0,FRM,593,INSTRUMENTAL - Gas Filter Correlation Teledyne API 300 EU,California,Fresno,2022-09-23"
"117819,6,19,11,42101,3,36.78538,-119.77321,NAD83,Carbon monoxide,2022-01-06,12:00,2022-01-06,20:00,0.198,Parts per million,0.011,,1.0,FRM,593,INSTRUMENTAL - Gas Filter Correlation Teledyne API 300 EU,California,Fresno,2022-09-23"
"117820,6,19,11,42101,3,36.78538,-119.77321,NAD83,Carbon monoxide,2022-01-06,13:00,2022-01-06,21:00,0.195,Parts per million,0.011,,1.0,FRM,593,INSTRUMENTAL - Gas Filter Correlation Teledyne API 300 EU,California,Fresno,2022-09-23"
"117821,6,19,11,42101,3,36.78538,-119.77321,NAD83,Carbon monoxide,2022-01-06,14:00,2022-01-06,22:00,0.243,Parts per million,0.011,,1.0,FRM,593,INSTRUMENTAL - Gas Filter Correlation Teledyne API 300 EU,California,Fresno,2022-09-23"
"117822,6,19,11,42101,3,36.78538,-119.77321,NAD83,Carbon monoxide,2022-01-06,15:00,2022-01-06,23:00,0.228,Parts per million,0.011,,1.0,FRM,593,INSTRUMENTAL - Gas Filter Correlation Teledyne API 300 EU,California,Fresno,2022-09-23"
"117823,6,19,11,42101,3,36.78538,-119.77321,NAD83,Carbon monoxide,2022-01-06,16:00,2022-01-07,00:00,0.251,Parts per million,0.011,,1.0,FRM,593,INSTRUMENTAL - Gas Filter Correlation Teledyne API 300 EU,California,Fresno,2022-09-23"
"117824,6,19,11,42101,3,36.78538,-119.77321,NAD83,Carbon monoxide,2022-01-06,17:00,2022-01-07,01:00,0.447,Parts per million,0.011,,1.0,FRM,593,INSTRUMENTAL - Gas Filter Correlation Teledyne API 300 EU,California,Fresno,2022-09-23"
"117825,6,19,11,42101,3,36.78538,-119.77321,NAD83,Carbon monoxide,2022-01-06,18:00,2022-01-07,02:00,0.623,Parts per million,0.011,,1.0,FRM,593,INSTRUMENTAL - Gas Filter Correlation Teledyne API 300 EU,California,Fresno,2022-09-23"
"117826,6,19,11,42101,3,36.78538,-119.77321,NAD83,Carbon monoxide,2022-01-06,19:00,2022-01-07,03:00,0.98,Parts per million,0.011,,1.0,FRM,593,INSTRUMENTAL - Gas Filter Correlation Teledyne API 300 EU,California,Fresno,2022-09-23"
"117827,6,19,11,42101,3,36.78538,-119.77321,NAD83,Carbon monoxide,2022-01-06,20:00,2022-01-07,04:00,1.082,Parts per million,0.011,,1.0,FRM,593,INSTRUMENTAL - Gas Filter Correlation Teledyne API 300 EU,California,Fresno,2022-09-23"
"117828,6,19,11,42101,3,36.78538,-119.77321,NAD83,Carbon monoxide,2022-01-06,21:00,2022-01-07,05:00,1.198,Parts per million,0.011,,1.0,FRM,593,INSTRUMENTAL - Gas Filter Correlation Teledyne API 300 EU,California,Fresno,2022-09-23"
"117829,6,19,11,42101,3,36.78538,-119.77321,NAD83,Carbon monoxide,2022-01-06,22:00,2022-01-07,06:00,1.462,Parts per million,0.011,,1.0,FRM,593,INSTRUMENTAL - Gas Filter Correlation Teledyne API 300 EU,California,Fresno,2022-09-23"
"117830,6,19,11,42101,3,36.78538,-119.77321,NAD83,Carbon monoxide,2022-01-06,23:00,2022-01-07,07:00,0.951,Parts per million,0.011,,1.0,FRM,593,INSTRUMENTAL - Gas Filter Correlation Teledyne API 300 EU,California,Fresno,2022-09-23"
"117831,6,19,11,42101,3,36.78538,-119.77321,NAD83,Carbon monoxide,2022-01-07,00:00,2022-01-07,08:00,0.596,Parts per million,0.011,,1.0,FRM,593,INSTRUMENTAL - Gas Filter Correlation Teledyne API 300 EU,California,Fresno,2022-09-23"
"117832,6,19,11,42101,3,36.78538,-119.77321,NAD83,Carbon monoxide,2022-01-07,01:00,2022-01-07,09:00,0.578,Parts per million,0.011,,1.0,FRM,593,INSTRUMENTAL - Gas Filter Correlation Teledyne API 300 EU,California,Fresno,2022-09-23"
"117833,6,19,11,42101,3,36.78538,-119.77321,NAD83,Carbon monoxide,2022-01-07,02:00,2022-01-07,10:00,0.568,Parts per million,0.011,,1.0,FRM,593,INSTRUMENTAL - Gas Filter Correlation Teledyne API 300 EU,California,Fresno,2022-09-23"
"117834,6,19,11,42101,3,36.78538,-119.77321,NAD83,Carbon monoxide,2022-01-07,03:00,2022-01-07,11:00,0.569,Parts per million,0.011,,1.0,FRM,593,INSTRUMENTAL - Gas Filter Correlation Teledyne API 300 EU,California,Fresno,2022-09-23"
"117835,6,19,11,42101,3,36.78538,-119.77321,NAD83,Carbon monoxide,2022-01-07,04:00,2022-01-07,12:00,0.575,Parts per million,0.011,,1.0,FRM,593,INSTRUMENTAL - Gas Filter Correlation Teledyne API 300 EU,California,Fresno,2022-09-23"
"117836,6,19,11,42101,3,36.78538,-119.77321,NAD83,Carbon monoxide,2022-01-07,05:00,2022-01-07,13:00,0.558,Parts per million,0.011,,1.0,FRM,593,INSTRUMENTAL - Gas Filter Correlation Teledyne API 300 EU,California,Fresno,2022-09-23"
"117837,6,19,11,42101,3,36.78538,-119.77321,NAD83,Carbon monoxide,2022-01-07,06:00,2022-01-07,14:00,0.652,Parts per million,0.011,,1.0,FRM,593,INSTRUMENTAL - Gas Filter Correlation Teledyne API 300 EU,California,Fresno,2022-09-23"
"117838,6,19,11,42101,3,36.78538,-119.77321,NAD83,Carbon monoxide,2022-01-07,07:00,2022-01-07,15:00,0.853,Parts per million,0.011,,1.0,FRM,593,INSTRUMENTAL - Gas Filter Correlation Teledyne API 300 EU,California,Fresno,2022-09-23"
"117839,6,19,11,42101,3,36.78538,-119.77321,NAD83,Carbon monoxide,2022-01-07,08:00,2022-01-07,16:00,0.749,Parts per million,0.011,,1.0,FRM,593,INSTRUMENTAL - Gas Filter Correlation Teledyne API 300 EU,California,Fresno,2022-09-23"
"117840,6,19,11,42101,3,36.78538,-119.77321,NAD83,Carbon monoxide,2022-01-07,09:00,2022-01-07,17:00,0.573,Parts per million,0.011,,1.0,FRM,593,INSTRUMENTAL - Gas Filter Correlation Teledyne API 300 EU,California,Fresno,2022-09-23"
"117841,6,19,11,42101,3,36.78538,-119.77321,NAD83,Carbon monoxide,2022-01-07,10:00,2022-01-07,18:00,0.481,Parts per million,0.011,,1.0,FRM,593,INSTRUMENTAL - Gas Filter Correlation Teledyne API 300 EU,California,Fresno,2022-09-23"
"117842,6,19,11,42101,3,36.78538,-119.77321,NAD83,Carbon monoxide,2022-01-07,11:00,2022-01-07,19:00,0.364,Parts per million,0.011,,1.0,FRM,593,INSTRUMENTAL - Gas Filter Correlation Teledyne API 300 EU,California,Fresno,2022-09-23"
"117843,6,19,11,42101,3,36.78538,-119.77321,NAD83,Carbon monoxide,2022-01-07,12:00,2022-01-07,20:00,0.342,Parts per million,0.011,,1.0,FRM,593,INSTRUMENTAL - Gas Filter Correlation Teledyne API 300 EU,California,Fresno,2022-09-23"
"117844,6,19,11,42101,3,36.78538,-119.77321,NAD83,Carbon monoxide,2022-01-07,13:00,2022-01-07,21:00,0.378,Parts per million,0.011,,1.0,FRM,593,INSTRUMENTAL - Gas Filter Correlation Teledyne API 300 EU,California,Fresno,2022-09-23"
"117845,6,19,11,42101,3,36.78538,-119.77321,NAD83,Carbon monoxide,2022-01-07,14:00,2022-01-07,22:00,0.308,Parts per million,0.011,,1.0,FRM,593,INSTRUMENTAL - Gas Filter Correlation Teledyne API 300 EU,California,Fresno,2022-09-23"
"117846,6,19,11,42101,3,36.78538,-119.77321,NAD83,Carbon monoxide,2022-01-07,15:00,2022-01-07,23:00,0.264,Parts per million,0.011,,1.0,FRM,593,INSTRUMENTAL - Gas Filter Correlation Teledyne API 300 EU,California,Fresno,2022-09-23"
"117847,6,19,11,42101,3,36.78538,-119.77321,NAD83,Carbon monoxide,2022-01-07,16:00,2022-01-08,00:00,0.247,Parts per million,0.011,,1.0,FRM,593,INSTRUMENTAL - Gas Filter Correlation Teledyne API 300 EU,California,Fresno,2022-09-23"
"117848,6,19,11,42101,3,36.78538,-119.77321,NAD83,Carbon monoxide,2022-01-07,17:00,2022-01-08,01:00,0.303,Parts per million,0.011,,1.0,FRM,593,INSTRUMENTAL - Gas Filter Correlation Teledyne API 300 EU,California,Fresno,2022-09-23"
"117849,6,19,11,42101,3,36.78538,-119.77321,NAD83,Carbon monoxide,2022-01-07,18:00,2022-01-08,02:00,0.344,Parts per million,0.011,,1.0,FRM,593,INSTRUMENTAL - Gas Filter Correlation Teledyne API 300 EU,California,Fresno,2022-09-23"
"117850,6,19,11,42101,3,36.78538,-119.77321,NAD83,Carbon monoxide,2022-01-07,19:00,2022-01-08,03:00,0.344,Parts per million,0.011,,1.0,FRM,593,INSTRUMENTAL - Gas Filter Correlation Teledyne API 300 EU,California,Fresno,2022-09-23"
"117851,6,19,11,42101,3,36.78538,-119.77321,NAD83,Carbon monoxide,2022-01-07,20:00,2022-01-08,04:00,0.334,Parts per million,0.011,,1.0,FRM,593,INSTRUMENTAL - Gas Filter Correlation Teledyne API 300 EU,California,Fresno,2022-09-23"
"117852,6,19,11,42101,3,36.78538,-119.77321,NAD83,Carbon monoxide,2022-01-07,21:00,2022-01-08,05:00,0.404,Parts per million,0.011,,1.0,FRM,593,INSTRUMENTAL - Gas Filter Correlation Teledyne API 300 EU,California,Fresno,2022-09-23"
"117853,6,19,11,42101,3,36.78538,-119.77321,NAD83,Carbon monoxide,2022-01-07,22:00,2022-01-08,06:00,0.471,Parts per million,0.011,,1.0,FRM,593,INSTRUMENTAL - Gas Filter Correlation Teledyne API 300 EU,California,Fresno,2022-09-23"
"117854,6,19,11,42101,3,36.78538,-119.77321,NAD83,Carbon monoxide,2022-01-07,23:00,2022-01-08,07:00,0.451,Parts per million,0.011,,1.0,FRM,593,INSTRUMENTAL - Gas Filter Correlation Teledyne API 300 EU,California,Fresno,2022-09-23"
"117855,6,19,11,42101,3,36.78538,-119.77321,NAD83,Carbon monoxide,2022-01-08,00:00,2022-01-08,08:00,0.343,Parts per million,0.011,,1.0,FRM,593,INSTRUMENTAL - Gas Filter Correlation Teledyne API 300 EU,California,Fresno,2022-09-23"
"117856,6,19,11,42101,3,36.78538,-119.77321,NAD83,Carbon monoxide,2022-01-08,01:00,2022-01-08,09:00,0.236,Parts per million,0.011,,1.0,FRM,593,INSTRUMENTAL - Gas Filter Correlation Teledyne API 300 EU,California,Fresno,2022-09-23"
"117857,6,19,11,42101,3,36.78538,-119.77321,NAD83,Carbon monoxide,2022-01-08,02:00,2022-01-08,10:00,0.175,Parts per million,0.011,,1.0,FRM,593,INSTRUMENTAL - Gas Filter Correlation Teledyne API 300 EU,California,Fresno,2022-09-23"
"117858,6,19,11,42101,3,36.78538,-119.77321,NAD83,Carbon monoxide,2022-01-08,03:00,2022-01-08,11:00,0.187,Parts per million,0.011,,1.0,FRM,593,INSTRUMENTAL - Gas Filter Correlation Teledyne API 300 EU,California,Fresno,2022-09-23"
"117859,6,19,11,42101,3,36.78538,-119.77321,NAD83,Carbon monoxide,2022-01-08,04:00,2022-01-08,12:00,0.185,Parts per million,0.011,,1.0,FRM,593,INSTRUMENTAL - Gas Filter Correlation Teledyne API 300 EU,California,Fresno,2022-09-23"
"117860,6,19,11,42101,3,36.78538,-119.77321,NAD83,Carbon monoxide,2022-01-08,05:00,2022-01-08,13:00,0.182,Parts per million,0.011,,1.0,FRM,593,INSTRUMENTAL - Gas Filter Correlation Teledyne API 300 EU,California,Fresno,2022-09-23"
"117861,6,19,11,42101,3,36.78538,-119.77321,NAD83,Carbon monoxide,2022-01-08,06:00,2022-01-08,14:00,0.171,Parts per million,0.011,,1.0,FRM,593,INSTRUMENTAL - Gas Filter Correlation Teledyne API 300 EU,California,Fresno,2022-09-23"
"117862,6,19,11,42101,3,36.78538,-119.77321,NAD83,Carbon monoxide,2022-01-08,07:00,2022-01-08,15:00,0.174,Parts per million,0.011,,1.0,FRM,593,INSTRUMENTAL - Gas Filter Correlation Teledyne API 300 EU,California,Fresno,2022-09-23"
"117863,6,19,11,42101,3,36.78538,-119.77321,NAD83,Carbon monoxide,2022-01-08,08:00,2022-01-08,16:00,0.23,Parts per million,0.011,,1.0,FRM,593,INSTRUMENTAL - Gas Filter Correlation Teledyne API 300 EU,California,Fresno,2022-09-23"
"117864,6,19,11,42101,3,36.78538,-119.77321,NAD83,Carbon monoxide,2022-01-08,09:00,2022-01-08,17:00,0.202,Parts per million,0.011,,1.0,FRM,593,INSTRUMENTAL - Gas Filter Correlation Teledyne API 300 EU,California,Fresno,2022-09-23"
"117865,6,19,11,42101,3,36.78538,-119.77321,NAD83,Carbon monoxide,2022-01-08,10:00,2022-01-08,18:00,0.19,Parts per million,0.011,,1.0,FRM,593,INSTRUMENTAL - Gas Filter Correlation Teledyne API 300 EU,California,Fresno,2022-09-23"
"117866,6,19,11,42101,3,36.78538,-119.77321,NAD83,Carbon monoxide,2022-01-08,11:00,2022-01-08,19:00,0.185,Parts per million,0.011,,1.0,FRM,593,INSTRUMENTAL - Gas Filter Correlation Teledyne API 300 EU,California,Fresno,2022-09-23"
"117867,6,19,11,42101,3,36.78538,-119.77321,NAD83,Carbon monoxide,2022-01-08,12:00,2022-01-08,20:00,0.174,Parts per million,0.011,,1.0,FRM,593,INSTRUMENTAL - Gas Filter Correlation Teledyne API 300 EU,California,Fresno,2022-09-23"
"117868,6,19,11,42101,3,36.78538,-119.77321,NAD83,Carbon monoxide,2022-01-08,13:00,2022-01-08,21:00,0.165,Parts per million,0.011,,1.0,FRM,593,INSTRUMENTAL - Gas Filter Correlation Teledyne API 300 EU,California,Fresno,2022-09-23"
"117869,6,19,11,42101,3,36.78538,-119.77321,NAD83,Carbon monoxide,2022-01-08,14:00,2022-01-08,22:00,0.173,Parts per million,0.011,,1.0,FRM,593,INSTRUMENTAL - Gas Filter Correlation Teledyne API 300 EU,California,Fresno,2022-09-23"
"117870,6,19,11,42101,3,36.78538,-119.77321,NAD83,Carbon monoxide,2022-01-08,15:00,2022-01-08,23:00,0.2,Parts per million,0.011,,1.0,FRM,593,INSTRUMENTAL - Gas Filter Correlation Teledyne API 300 EU,California,Fresno,2022-09-23"
"117871,6,19,11,42101,3,36.78538,-119.77321,NAD83,Carbon monoxide,2022-01-08,16:00,2022-01-09,00:00,0.222,Parts per million,0.011,,1.0,FRM,593,INSTRUMENTAL - Gas Filter Correlation Teledyne API 300 EU,California,Fresno,2022-09-23"
"117872,6,19,11,42101,3,36.78538,-119.77321,NAD83,Carbon monoxide,2022-01-08,17:00,2022-01-09,01:00,0.254,Parts per million,0.011,,1.0,FRM,593,INSTRUMENTAL - Gas Filter Correlation Teledyne API 300 EU,California,Fresno,2022-09-23"
"117873,6,19,11,42101,3,36.78538,-119.77321,NAD83,Carbon monoxide,2022-01-08,18:00,2022-01-09,02:00,0.252,Parts per million,0.011,,1.0,FRM,593,INSTRUMENTAL - Gas Filter Correlation Teledyne API 300 EU,California,Fresno,2022-09-23"
"117874,6,19,11,42101,3,36.78538,-119.77321,NAD83,Carbon monoxide,2022-01-08,19:00,2022-01-09,03:00,0.261,Parts per million,0.011,,1.0,FRM,593,INSTRUMENTAL - Gas Filter Correlation Teledyne API 300 EU,California,Fresno,2022-09-23"
"117875,6,19,11,42101,3,36.78538,-119.77321,NAD83,Carbon monoxide,2022-01-08,20:00,2022-01-09,04:00,0.272,Parts per million,0.011,,1.0,FRM,593,INSTRUMENTAL - Gas Filter Correlation Teledyne API 300 EU,California,Fresno,2022-09-23"
"117876,6,19,11,42101,3,36.78538,-119.77321,NAD83,Carbon monoxide,2022-01-08,21:00,2022-01-09,05:00,0.321,Parts per million,0.011,,1.0,FRM,593,INSTRUMENTAL - Gas Filter Correlation Teledyne API 300 EU,California,Fresno,2022-09-23"
"117877,6,19,11,42101,3,36.78538,-119.77321,NAD83,Carbon monoxide,2022-01-08,22:00,2022-01-09,06:00,0.47,Parts per million,0.011,,1.0,FRM,593,INSTRUMENTAL - Gas Filter Correlation Teledyne API 300 EU,California,Fresno,2022-09-23"
"117878,6,19,11,42101,3,36.78538,-119.77321,NAD83,Carbon monoxide,2022-01-08,23:00,2022-01-09,07:00,0.646,Parts per million,0.011,,1.0,FRM,593,INSTRUMENTAL - Gas Filter Correlation Teledyne API 300 EU,California,Fresno,2022-09-23"
"117879,6,19,11,42101,3,36.78538,-119.77321,NAD83,Carbon monoxide,2022-01-09,00:00,2022-01-09,08:00,0.6,Parts per million,0.011,,1.0,FRM,593,INSTRUMENTAL - Gas Filter Correlation Teledyne API 300 EU,California,Fresno,2022-09-23"
"117880,6,19,11,42101,3,36.78538,-119.77321,NAD83,Carbon monoxide,2022-01-09,01:00,2022-01-09,09:00,0.728,Parts per million,0.011,,1.0,FRM,593,INSTRUMENTAL - Gas Filter Correlation Teledyne API 300 EU,California,Fresno,2022-09-23"
"117881,6,19,11,42101,3,36.78538,-119.77321,NAD83,Carbon monoxide,2022-01-09,02:00,2022-01-09,10:00,0.733,Parts per million,0.011,,1.0,FRM,593,INSTRUMENTAL - Gas Filter Correlation Teledyne API 300 EU,California,Fresno,2022-09-23"
"117882,6,19,11,42101,3,36.78538,-119.77321,NAD83,Carbon monoxide,2022-01-09,03:00,2022-01-09,11:00,0.7,Parts per million,0.011,,1.0,FRM,593,INSTRUMENTAL - Gas Filter Correlation Teledyne API 300 EU,California,Fresno,2022-09-23"
"117883,6,19,11,42101,3,36.78538,-119.77321,NAD83,Carbon monoxide,2022-01-09,04:00,2022-01-09,12:00,0.499,Parts per million,0.011,,1.0,FRM,593,INSTRUMENTAL - Gas Filter Correlation Teledyne API 300 EU,California,Fresno,2022-09-23"
"117884,6,19,11,42101,3,36.78538,-119.77321,NAD83,Carbon monoxide,2022-01-09,05:00,2022-01-09,13:00,0.371,Parts per million,0.011,,1.0,FRM,593,INSTRUMENTAL - Gas Filter Correlation Teledyne API 300 EU,California,Fresno,2022-09-23"
"117885,6,19,11,42101,3,36.78538,-119.77321,NAD83,Carbon monoxide,2022-01-09,06:00,2022-01-09,14:00,0.377,Parts per million,0.011,,1.0,FRM,593,INSTRUMENTAL - Gas Filter Correlation Teledyne API 300 EU,California,Fresno,2022-09-23"
"117886,6,19,11,42101,3,36.78538,-119.77321,NAD83,Carbon monoxide,2022-01-09,07:00,2022-01-09,15:00,0.458,Parts per million,0.011,,1.0,FRM,593,INSTRUMENTAL - Gas Filter Correlation Teledyne API 300 EU,California,Fresno,2022-09-23"
"117887,6,19,11,42101,3,36.78538,-119.77321,NAD83,Carbon monoxide,2022-01-09,08:00,2022-01-09,16:00,0.396,Parts per million,0.011,,1.0,FRM,593,INSTRUMENTAL - Gas Filter Correlation Teledyne API 300 EU,California,Fresno,2022-09-23"
"117888,6,19,11,42101,3,36.78538,-119.77321,NAD83,Carbon monoxide,2022-01-09,09:00,2022-01-09,17:00,0.305,Parts per million,0.011,,1.0,FRM,593,INSTRUMENTAL - Gas Filter Correlation Teledyne API 300 EU,California,Fresno,2022-09-23"
"117889,6,19,11,42101,3,36.78538,-119.77321,NAD83,Carbon monoxide,2022-01-09,10:00,2022-01-09,18:00,0.253,Parts per million,0.011,,1.0,FRM,593,INSTRUMENTAL - Gas Filter Correlation Teledyne API 300 EU,California,Fresno,2022-09-23"
"117890,6,19,11,42101,3,36.78538,-119.77321,NAD83,Carbon monoxide,2022-01-09,11:00,2022-01-09,19:00,0.263,Parts per million,0.011,,1.0,FRM,593,INSTRUMENTAL - Gas Filter Correlation Teledyne API 300 EU,California,Fresno,2022-09-23"
"117891,6,19,11,42101,3,36.78538,-119.77321,NAD83,Carbon monoxide,2022-01-09,12:00,2022-01-09,20:00,0.26,Parts per million,0.011,,1.0,FRM,593,INSTRUMENTAL - Gas Filter Correlation Teledyne API 300 EU,California,Fresno,2022-09-23"
"117892,6,19,11,42101,3,36.78538,-119.77321,NAD83,Carbon monoxide,2022-01-09,13:00,2022-01-09,21:00,0.235,Parts per million,0.011,,1.0,FRM,593,INSTRUMENTAL - Gas Filter Correlation Teledyne API 300 EU,California,Fresno,2022-09-23"
"117893,6,19,11,42101,3,36.78538,-119.77321,NAD83,Carbon monoxide,2022-01-09,14:00,2022-01-09,22:00,0.216,Parts per million,0.011,,1.0,FRM,593,INSTRUMENTAL - Gas Filter Correlation Teledyne API 300 EU,California,Fresno,2022-09-23"
"117894,6,19,11,42101,3,36.78538,-119.77321,NAD83,Carbon monoxide,2022-01-09,15:00,2022-01-09,23:00,0.189,Parts per million,0.011,,1.0,FRM,593,INSTRUMENTAL - Gas Filter Correlation Teledyne API 300 EU,California,Fresno,2022-09-23"
"117895,6,19,11,42101,3,36.78538,-119.77321,NAD83,Carbon monoxide,2022-01-09,16:00,2022-01-10,00:00,0.219,Parts per million,0.011,,1.0,FRM,593,INSTRUMENTAL - Gas Filter Correlation Teledyne API 300 EU,California,Fresno,2022-09-23"
"117896,6,19,11,42101,3,36.78538,-119.77321,NAD83,Carbon monoxide,2022-01-09,17:00,2022-01-10,01:00,0.742,Parts per million,0.011,,1.0,FRM,593,INSTRUMENTAL - Gas Filter Correlation Teledyne API 300 EU,California,Fresno,2022-09-23"
"117897,6,19,11,42101,3,36.78538,-119.77321,NAD83,Carbon monoxide,2022-01-09,18:00,2022-01-10,02:00,1.213,Parts per million,0.011,,1.0,FRM,593,INSTRUMENTAL - Gas Filter Correlation Teledyne API 300 EU,California,Fresno,2022-09-23"
"117898,6,19,11,42101,3,36.78538,-119.77321,NAD83,Carbon monoxide,2022-01-09,19:00,2022-01-10,03:00,1.222,Parts per million,0.011,,1.0,FRM,593,INSTRUMENTAL - Gas Filter Correlation Teledyne API 300 EU,California,Fresno,2022-09-23"
"117899,6,19,11,42101,3,36.78538,-119.77321,NAD83,Carbon monoxide,2022-01-09,20:00,2022-01-10,04:00,1.396,Parts per million,0.011,,1.0,FRM,593,INSTRUMENTAL - Gas Filter Correlation Teledyne API 300 EU,California,Fresno,2022-09-23"
"117900,6,19,11,42101,3,36.78538,-119.77321,NAD83,Carbon monoxide,2022-01-09,21:00,2022-01-10,05:00,1.496,Parts per million,0.011,,1.0,FRM,593,INSTRUMENTAL - Gas Filter Correlation Teledyne API 300 EU,California,Fresno,2022-09-23"
"117901,6,19,11,42101,3,36.78538,-119.77321,NAD83,Carbon monoxide,2022-01-09,22:00,2022-01-10,06:00,1.502,Parts per million,0.011,,1.0,FRM,593,INSTRUMENTAL - Gas Filter Correlation Teledyne API 300 EU,California,Fresno,2022-09-23"
"117902,6,19,11,42101,3,36.78538,-119.77321,NAD83,Carbon monoxide,2022-01-09,23:00,2022-01-10,07:00,1.33,Parts per million,0.011,,1.0,FRM,593,INSTRUMENTAL - Gas Filter Correlation Teledyne API 300 EU,California,Fresno,2022-09-23"
"117903,6,19,11,42101,3,36.78538,-119.77321,NAD83,Carbon monoxide,2022-01-10,00:00,2022-01-10,08:00,1.151,Parts per million,0.011,,1.0,FRM,593,INSTRUMENTAL - Gas Filter Correlation Teledyne API 300 EU,California,Fresno,2022-09-23"
"117904,6,19,11,42101,3,36.78538,-119.77321,NAD83,Carbon monoxide,2022-01-10,01:00,2022-01-10,09:00,1.094,Parts per million,0.011,,1.0,FRM,593,INSTRUMENTAL - Gas Filter Correlation Teledyne API 300 EU,California,Fresno,2022-09-23"
"117905,6,19,11,42101,3,36.78538,-119.77321,NAD83,Carbon monoxide,2022-01-10,02:00,2022-01-10,10:00,0.93,Parts per million,0.011,,1.0,FRM,593,INSTRUMENTAL - Gas Filter Correlation Teledyne API 300 EU,California,Fresno,2022-09-23"
"117906,6,19,11,42101,3,36.78538,-119.77321,NAD83,Carbon monoxide,2022-01-10,03:00,2022-01-10,11:00,0.633,Parts per million,0.011,,1.0,FRM,593,INSTRUMENTAL - Gas Filter Correlation Teledyne API 300 EU,California,Fresno,2022-09-23"
"117907,6,19,11,42101,3,36.78538,-119.77321,NAD83,Carbon monoxide,2022-01-10,04:00,2022-01-10,12:00,0.669,Parts per million,0.011,,1.0,FRM,593,INSTRUMENTAL - Gas Filter Correlation Teledyne API 300 EU,California,Fresno,2022-09-23"
"117908,6,19,11,42101,3,36.78538,-119.77321,NAD83,Carbon monoxide,2022-01-10,05:00,2022-01-10,13:00,0.642,Parts per million,0.011,,1.0,FRM,593,INSTRUMENTAL - Gas Filter Correlation Teledyne API 300 EU,California,Fresno,2022-09-23"
"117909,6,19,11,42101,3,36.78538,-119.77321,NAD83,Carbon monoxide,2022-01-10,06:00,2022-01-10,14:00,0.727,Parts per million,0.011,,1.0,FRM,593,INSTRUMENTAL - Gas Filter Correlation Teledyne API 300 EU,California,Fresno,2022-09-23"
"117910,6,19,11,42101,3,36.78538,-119.77321,NAD83,Carbon monoxide,2022-01-10,07:00,2022-01-10,15:00,0.886,Parts per million,0.011,,1.0,FRM,593,INSTRUMENTAL - Gas Filter Correlation Teledyne API 300 EU,California,Fresno,2022-09-23"
"117911,6,19,11,42101,3,36.78538,-119.77321,NAD83,Carbon monoxide,2022-01-10,08:00,2022-01-10,16:00,1.388,Parts per million,0.011,,1.0,FRM,593,INSTRUMENTAL - Gas Filter Correlation Teledyne API 300 EU,California,Fresno,2022-09-23"
"117912,6,19,11,42101,3,36.78538,-119.77321,NAD83,Carbon monoxide,2022-01-10,09:00,2022-01-10,17:00,1.36,Parts per million,0.011,,1.0,FRM,593,INSTRUMENTAL - Gas Filter Correlation Teledyne API 300 EU,California,Fresno,2022-09-23"
"117913,6,19,11,42101,3,36.78538,-119.77321,NAD83,Carbon monoxide,2022-01-10,10:00,2022-01-10,18:00,0.535,Parts per million,0.011,,1.0,FRM,593,INSTRUMENTAL - Gas Filter Correlation Teledyne API 300 EU,California,Fresno,2022-09-23"
"117914,6,19,11,42101,3,36.78538,-119.77321,NAD83,Carbon monoxide,2022-01-10,11:00,2022-01-10,19:00,0.347,Parts per million,0.011,,1.0,FRM,593,INSTRUMENTAL - Gas Filter Correlation Teledyne API 300 EU,California,Fresno,2022-09-23"
"117915,6,19,11,42101,3,36.78538,-119.77321,NAD83,Carbon monoxide,2022-01-10,12:00,2022-01-10,20:00,0.321,Parts per million,0.011,,1.0,FRM,593,INSTRUMENTAL - Gas Filter Correlation Teledyne API 300 EU,California,Fresno,2022-09-23"
"117916,6,19,11,42101,3,36.78538,-119.77321,NAD83,Carbon monoxide,2022-01-10,13:00,2022-01-10,21:00,0.505,Parts per million,0.011,,1.0,FRM,593,INSTRUMENTAL - Gas Filter Correlation Teledyne API 300 EU,California,Fresno,2022-09-23"
"117917,6,19,11,42101,3,36.78538,-119.77321,NAD83,Carbon monoxide,2022-01-10,14:00,2022-01-10,22:00,0.409,Parts per million,0.011,,1.0,FRM,593,INSTRUMENTAL - Gas Filter Correlation Teledyne API 300 EU,California,Fresno,2022-09-23"
"117918,6,19,11,42101,3,36.78538,-119.77321,NAD83,Carbon monoxide,2022-01-10,15:00,2022-01-10,23:00,0.444,Parts per million,0.011,,1.0,FRM,593,INSTRUMENTAL - Gas Filter Correlation Teledyne API 300 EU,California,Fresno,2022-09-23"

















